SET DB_CLOSE_DELAY -1;        
;             
CREATE USER IF NOT EXISTS SA SALT '27fa4a6aa1f05803' HASH 'ae0767c9eee07222e1b9c940f225d1a3fad5172c7b1d5f9220f51f09e0cc0dea' ADMIN;           
CREATE SEQUENCE PUBLIC.PROJECT_SEQUENCE START WITH 101 INCREMENT BY 50;       
CREATE SEQUENCE PUBLIC.EMPLOYEE_SEQUENCE START WITH 101 INCREMENT BY 50;      
CREATE MEMORY TABLE PUBLIC.EMPLOYEE(
    ID BIGINT NOT NULL,
    GCM VARCHAR(255),
    MANAGER VARCHAR(255),
    NAME VARCHAR(255),
    ROLE VARCHAR(255),
    SALARY VARCHAR(255)
);  
ALTER TABLE PUBLIC.EMPLOYEE ADD CONSTRAINT PUBLIC.CONSTRAINT_7 PRIMARY KEY(ID);               
-- 4 +/- SELECT COUNT(*) FROM PUBLIC.EMPLOYEE;
INSERT INTO PUBLIC.EMPLOYEE(ID, GCM, MANAGER, NAME, ROLE, SALARY) VALUES
(1, '05', 'Marcelo Ricciardi', 'Renato Garcia', 'TI Architect', '2000,00'),
(2, '04', 'Marcelo Ricciardi', 'Jose Carlos', 'Software Enginner', '1700,00'),
(3, '04', 'Marcelo Ricciardi', 'Gabriel Luz', 'Software Enginner', '9000,00'),
(4, '06', 'Douglas Nascimento', 'Marcelo Ricciari', 'Business Solution Manager', '99999,99');          
CREATE MEMORY TABLE PUBLIC.EMPLOYEE_CERTIFICATION(
    EMPLOYEE_ID BIGINT NOT NULL,
    CERTIFICATION VARCHAR(255)
);      
-- 12 +/- SELECT COUNT(*) FROM PUBLIC.EMPLOYEE_CERTIFICATION; 
INSERT INTO PUBLIC.EMPLOYEE_CERTIFICATION(EMPLOYEE_ID, CERTIFICATION) VALUES
(1, 'Oracle Certified Professional, Java SE 7 Programmer - Aug 2014'),
(1, 'Sun Certified Programmer for the Java Platform - Jun 2006'),
(1, 'Sun Certified Enterprise Architect for the Java Platform Oct 2010'),
(1, 'Sun Certified Associate for Java Platform - Oct 2008'),
(1, 'Sun Certified Business Component Developer for the Java Platform, EE 5 - Nov 2007'),
(1, STRINGDECODE('ITIL\u00ae Foundation Certificate Jun 2013')),
(1, 'Sun Certified Business Component Developer for the Java Platform, EE 1.3 - Feb 2007'),
(1, 'Oracle SOA Suite 11g Essentials - Jun 2015'),
(1, 'Sun Certified Web Component Developer for the Java Platform - Oct 2006'),
(2, 'Sun Certified Programmer for the Java Platform'),
(3, 'Sun Certified Programmer for the Java Platform'),
(4, 'CSM - Certified Scrum Master');          
CREATE MEMORY TABLE PUBLIC.EMPLOYEE_PROJECTS(
    EMPLOYEE_ID BIGINT NOT NULL,
    PROJECTS_ID BIGINT NOT NULL
);          
-- 3 +/- SELECT COUNT(*) FROM PUBLIC.EMPLOYEE_PROJECTS;       
INSERT INTO PUBLIC.EMPLOYEE_PROJECTS(EMPLOYEE_ID, PROJECTS_ID) VALUES
(1, 1),
(2, 2),
(3, 3);              
CREATE MEMORY TABLE PUBLIC.EMPLOYEE_SKILLS(
    EMPLOYEE_ID BIGINT NOT NULL,
    SKILLS VARCHAR(255)
);    
-- 17 +/- SELECT COUNT(*) FROM PUBLIC.EMPLOYEE_SKILLS;        
INSERT INTO PUBLIC.EMPLOYEE_SKILLS(EMPLOYEE_ID, SKILLS) VALUES
(1, 'rest'),
(1, 'java'),
(1, 'soa'),
(1, 'microservice'),
(1, 'graphql'),
(1, 'oracle soa suite'),
(1, 'javaee'),
(2, 'DevOps'),
(2, 'java'),
(2, 'javaee'),
(3, 'java'),
(3, 'javaee'),
(4, 'DevOps'),
(4, 'Agile'),
(4, STRINGDECODE('Gest\u00e3o de pessoas')),
(4, 'Scrum'),
(4, 'PMI'); 
CREATE MEMORY TABLE PUBLIC.PROJECT(
    ID BIGINT NOT NULL,
    CUSTOMER VARCHAR(255),
    BEGIN_DATE TIMESTAMP,
    END_DATE TIMESTAMP,
    NAME VARCHAR(255),
    VALUE_OF_PROJECT VARCHAR(255)
);   
ALTER TABLE PUBLIC.PROJECT ADD CONSTRAINT PUBLIC.CONSTRAINT_1 PRIMARY KEY(ID);
-- 3 +/- SELECT COUNT(*) FROM PUBLIC.PROJECT; 
INSERT INTO PUBLIC.PROJECT(ID, CUSTOMER, BEGIN_DATE, END_DATE, NAME, VALUE_OF_PROJECT) VALUES
(1, 'NET', TIMESTAMP '2016-11-05 11:15:30', TIMESTAMP '2017-11-05 11:15:30', 'Portal cadastro NET', '1.000.000,00'),
(2, 'Multiplus Fidelidade', TIMESTAMP '2015-11-05 11:15:30', TIMESTAMP '2018-11-05 11:15:30', 'Fulfillment', '1.000.000,00'),
(3, 'Multiplus Fidelidade', TIMESTAMP '2015-11-05 11:15:30', TIMESTAMP '2018-11-05 11:15:30', 'Fulfillment', '1.000.000,00');             
ALTER TABLE PUBLIC.EMPLOYEE_PROJECTS ADD CONSTRAINT PUBLIC.UK_4JYPFCAVFEDHSIVKY8CO9WVQA UNIQUE(PROJECTS_ID);  
ALTER TABLE PUBLIC.EMPLOYEE_PROJECTS ADD CONSTRAINT PUBLIC.FK97JL81FSRBBLKQFOQWG2O7YPS FOREIGN KEY(EMPLOYEE_ID) REFERENCES PUBLIC.EMPLOYEE(ID) NOCHECK;       
ALTER TABLE PUBLIC.EMPLOYEE_SKILLS ADD CONSTRAINT PUBLIC.FKNEPE51HEWN4DD673E3QK1V2QX FOREIGN KEY(EMPLOYEE_ID) REFERENCES PUBLIC.EMPLOYEE(ID) NOCHECK;         
ALTER TABLE PUBLIC.EMPLOYEE_PROJECTS ADD CONSTRAINT PUBLIC.FKG10A7UHO2LYLW8G080L5J4GYK FOREIGN KEY(PROJECTS_ID) REFERENCES PUBLIC.PROJECT(ID) NOCHECK;        
ALTER TABLE PUBLIC.EMPLOYEE_CERTIFICATION ADD CONSTRAINT PUBLIC.FKMCN8TJT6R9BQ0KSW3H3CH48UG FOREIGN KEY(EMPLOYEE_ID) REFERENCES PUBLIC.EMPLOYEE(ID) NOCHECK;  
